{
  "hash": "af005d19",
  "configHash": "428b4f05",
  "lockfileHash": "67a80c0a",
  "browserHash": "6b874192",
  "optimized": {
    "react/jsx-dev-runtime": {
      "src": "../../node_modules/react/jsx-dev-runtime.js",
      "file": "react_jsx-dev-runtime.js",
      "fileHash": "c6456939",
      "needsInterop": true
    },
    "react": {
      "src": "../../node_modules/react/index.js",
      "file": "react.js",
      "fileHash": "cc024978",
      "needsInterop": true
    },
    "react-dom/client": {
      "src": "../../node_modules/react-dom/client.js",
      "file": "react-dom_client.js",
      "fileHash": "7c130ee1",
      "needsInterop": true
    },
    "react-router-dom": {
      "src": "../../node_modules/react-router-dom/dist/index.js",
      "file": "react-router-dom.js",
      "fileHash": "92f81349",
      "needsInterop": false
    }
  },
  "chunks": {
    "chunk-QPG7G3M7": {
      "file": "chunk-QPG7G3M7.js"
    },
    "chunk-UTEJFLXC": {
      "file": "chunk-UTEJFLXC.js"
    }
  }
}